path,sha256,sources
.env.example,4f84d6efbd259f95cdb9555e5e949ec18983b5d614f26c14ed2d6c336db5e3f6,lot35
.htaccess,a2c93f6a54f743aea91cc2fede23d6d7b3c93e72fa97861e98eb4e5cbb208356,ajoute
Core/Alerts/Class/SweetAlertGenerator.php,c5867c9089098dc66614e2a08f889495f600bf3f12c435e6dace00263fb13691,lot35;Core.zip
Core/Controller/BaseController.php,c799b912c398520f36d1bae5bae1c3f889d4d1422e34efe0cc3fe6d7d0a8b560,lot35;Core.zip
Core/Database/Database.php,43d8972380e0ce38049f6e823925409a96bae73f2682174663487d78e1869f44,lot35;Core.zip
Core/Database/Db.php,c47f3c88c1a858408f5c8f3915834b6f93c31bbfc075db10c844fc4723773ee8,lot35;Core.zip
Core/Database/Exceptions/ConnectionException.php,b0a42c3026a446014f8f5aef89e9501fd999ce9d5baebb01ce11e493f6c5fa0c,lot35;Core.zip
Core/Database/Exceptions/DatabaseException.php,647354bafe2981a8a540cec53d1671dce0565111c572ef0b7131c16ac08e62de,lot35;Core.zip
Core/Database/Exceptions/QueryException.php,7fcc79e97c6a518ecbd4c979bcc4f2f5933d145ea4fb7950bad7ce6d2db5708f,lot35;Core.zip
Core/Database/Exceptions/TransactionException.php,63b93c03c5f9476e1943c3d5474bcaee954a1c161c2535cb15c29c169c49d512,lot35;Core.zip
Core/Helpers/AuthHelper.php,937eed6cec6010b07129d9743f093726de8a1ad1be73e8da8245b9919fe13313,lot35
Core/Helpers/DateHelper.php,8314a08080f508e433c260208897a82b948f53c1e9933f818d6c0a18b53373b1,lot35;Core.zip
Core/Helpers/FlashHelper.php,fe5f34e493977dfde3fc0dd8ba886a260ef84d7b3e05a737a5a3d72c5c31e3cb,lot35;Core.zip
Core/Helpers/PaginationHelper.php,21016d4ae922e7ef0fffe1ed3ece39f31096e23836ea0f6af013815c6a81bd0b,lot35;Core.zip
Core/Helpers/StringHelper.php,c6b87ba2567b5a271eab89e3b94e3b8a6789c4ea91b688cae6c65650b22ff35f,lot35;Core.zip
Core/Helpers/functions.php,373900669506e1066870c979d1f3b9c592c09541deca7cc55b36d1ecd45d5426,lot35
Core/Logger/Class/Formatter/FormatterInterface.php,5f414003a43bb0d9bb6b47b88b77460fcc83710f6cc1bc968dd6f73d197399ba,lot35;Core.zip
Core/Logger/Class/Formatter/JsonFormatter.php,1c7d2b74b927ce03f631fee0c33b884268b0691745c26e56b6e7b8ee740aabfb,lot35;Core.zip
Core/Logger/Class/Formatter/LineFormatter.php,4d46d2d1609a699d969faf28817bdf9b938b97528aa006643428eb1d0f46bc61,lot35;Core.zip
Core/Logger/Class/Handler/DatabaseHandler.php,b8c4117526e609b6c76580fd9fd939e3bbb906112de64c44712d677b30c9a803,lot35;Core.zip
Core/Logger/Class/Handler/FileHandler.php,e9cc888e990e9353f516378307735cba0bbc0f1b3c0a8f8a3272b5a952cc3e5b,lot35;Core.zip
Core/Logger/Class/Handler/HandlerInterface.php,b80adc271cd3823dfedd6155bd00438a3d7fe0a9c2ee120c702f571109d0a973,lot35;Core.zip
Core/Logger/Class/Handler/a.php,01ba4719c80b6fe911b091a7c05124b64eeece964e09c058ef8f9805daca546b,lot35;Core.zip
Core/Logger/Class/LogLevel.php,408547b78a66bfb1f94894b22da8d16ec0c74a3d0319716a86411e79325203ab,lot35;Core.zip
Core/Logger/Class/Logger.php,38281f5a1c9686242840539e0673adc8d45aaf2b8b15c5ac6372ff5a5647da02,lot35;Core.zip
Core/Logger/LogManager.php,34f515625dd9426daf4b4255a97aa32ffe6389813b90e65f77e86b21899a4a4f,lot35;Core.zip
Core/Middleware/AjaxMiddleware.php,faf5adf8888f4791752c60e1881c7f9225568ab5651ac3a8ecb8bad33952e01d,lot35;Core.zip
Core/Middleware/ApiKeyMiddleware.php,f6189a99c0d37070864d8ded10a02b5469b8a8ce224c6279d450781d9bf88d85,lot35
Core/Middleware/AuthMiddleware.php,c461966d7cf1c7198ca320c3e588ab85a2ee8bdca4b137eca1830164f54fab16,lot35;Core.zip
Core/Middleware/CsrfMiddleware.php,298ef1c5b0a3e9318d073dde3bb9ef68568dd8de33624eb6f942da7b2196999d,lot35;Core.zip
Core/Middleware/MaintenanceMiddleware.php,485c9789eb444a0066a29d23bbf90da2f961e60b463c7cae422b823d680bac8f,lot35;Core.zip
Core/Middleware/RateLimitMiddleware.php,d06126ddbfc0af36331d03757dc5b12b995d563048066fdc9594626d5eab199c,lot35
Core/Middleware/RoleMiddleware.php,7ff4e2635c65db6b5a32b1fdbef3faad7fcc97ecc9d6c4fc0ebf83ff82fd1565,lot35;Core.zip
Core/Model/BaseModel.php,aae9edfe04b7bd84a9591780c9a36e4dc1472f477021b26f40da62e1b33b46b6,lot35;Core.zip
Core/Pdf/TcpdfReportService.php,98c187d7c0fbede2bddeab92713b7e0ecf1183ac4989fb5d588c07b589989d8e,lot35;Core.zip
Core/Request/Request.php,25dbf2644c585b41250e4b8a5ed779b12431a5cb51f05b9202ec63414832e801,lot35;Core.zip
Core/Router/Route.php,cc24ce44fa295a2e4219fbe416ca787f4276c59deb17b44c514d8fd62d77c707,lot35;Core.zip
Core/Router/Router.php,44f3d777ad75cd42723239c04212a91690af26c4e7085a79ad6358d12789f596,lot35;Core.zip
Core/Router/RouterException.php,50d5e808d998b95fb186349fefe83d147e5db7b0efc0096865c460d1c7a5b362,lot35;Core.zip
Core/Security/Class/CspNonce.php,fdaea1dadd8f153320348d3f6a6a35934d6e17b86c0e83cdb6b16a3f767d55af,lot35
Core/Security/Class/CsrfProtection.php,1830296bcb3c5795bce55dc6a98c6beca8059443dbe5df5a4996936351e52088,lot35;Core.zip
Core/Security/Class/Encryption.php,f55f7dacf2bfed3595a4bc57a794db24ad1a559fa323ae47e3d7a09b179f4ad2,lot35;Core.zip
Core/Security/Class/FileUploadValidator.php,b57f8e20345ae46abc00778847ad681c7ac443199aace619bdf43b73d391200c,lot35
Core/Security/Class/InputValidator.php,b6a9d50cd4fcf0c065ace64fd0ac03a862e4c5e26dd1cf09a38f3ff38cff6698,lot35;Core.zip
Core/Security/Class/PasswordManager.php,cf64a491472442f3817e0fa8126fb4d1b792eee971f58a49aaaa6a329f8f49bf,lot35;Core.zip
Core/Security/Class/SessionHandler.php,dba471d590aae6498e5c1e5872820af8263a12491f56dcfc5196b61caf3f15d8,lot35;Core.zip
Core/Security/Class/SqlControlGuard.php,dbce2f8957ef69d0d0b085571841552ef7e9b3daef6ad6b8624fe78a304b843c,lot35
Core/Security/Class/XssProtection.php,c0b74bd53a1b45556193d5ad15e0ba1d915e7fd72199fcfd73a9ec7a85c79658,lot35;Core.zip
Core/Security/Encryption.php,260b0494a5547237bbf24b95f2f1ce054b4417dde35f99c3fa4f543897198000,lot35
Core/Security/SecurityManager.php,99c406bdfd4bbf87d3a2c4713efad783bf859ec9a594fe525641e98661d253e2,lot35;Core.zip
Core/Services/Contracts/AuditableServiceInterface.php,f2cf5a566c1472407738e96ba5e95dace13833efcdcaf35f24f1e068959c2c0c,lot35
Core/Services/Contracts/ReadableServiceInterface.php,085c163ad4d7d50ea5016a381fb0e0fa6ec7b95546bf04f56c2a18dea0f59df1,lot35
Core/Services/Contracts/ServiceInterface.php,bad0b312facabb0c40f4f57ce5332283b5ec24ba75295e9d98e30bf6f40ba950,lot35
Core/Services/Production/BackupService.php,bc59365b4e43334ca7f17edf04367e6fbdbe0b1a5ae67cc8228ce5edd80910e1,lot35
Core/Services/Production/HealthCheckService.php,fd0bd593f4bf15b1caac21e04ae3edee09db087e05b9f20ee245d8e042ea2a58,lot35
Core/Services/Production/LogRotationService.php,1a2c0b3cb46533559f6dbf64bc1d2d262a8c0ca16e7b35504447497d6949d892,lot35
Core/Services/VerrouEntiteService.php,8605931a3a834a2f5b31c429c6b9387e12f45d7e684cb538e057f67402dbfe7c,lot35
Core/Theme/Components/Footer.php,5757814177be77192e4a05e630c8f6a628a4e52f62ba4bdc99210919f589e1da,lot35;Core.zip
Core/Theme/Components/Main.php,a332be61a22d9670e41914b0a29c43dbe6dbfd1df4aa62b369ef01d3f078a6fe,lot35;Core.zip
Core/Theme/Components/Navbar.php,66b31228440168aafc4520d43d3a1c002c44d81c416f98414221574630e940a9,lot35;Core.zip
Core/Theme/Components/Sidebar.php,5e8f8f437c2892b88d6349672e6dcb7d83bcdbdcc72bdebf4993bb54da782abd,lot35;Core.zip
Core/Theme/Support/Config.php,048f7c68b7234cd0f8ab1b90ea33b25142467c2315e56f60f2351df3757131cb,lot35;Core.zip
Core/Theme/Support/Esc.php,d996a8b50083122e298b33c86372a1a8d78bb1666c0a542490467a4f545919df,lot35;Core.zip
Core/Theme/Support/SecurityBridge.php,5997357ad843d8f6de5bdbeed917be488c9d23089fbe654746804db74dde7bfc,lot35;Core.zip
Core/Theme/Vue.php,5b41af6b8827ad3c09ee01f5704b8421b63dbcffc87b83ed68605aaa0de53ac1,lot35;Core.zip
Core/Theme/config.json,e2b3d83ed59fc760fec6478985780aa072e79c4cd799ab02a028dcff955ee8da,lot35;Core.zip
Core/Theme/session.php,a70168bbc712555eabe5923632d1a7587bc09ee773cbd139e4a38a15258c9d67,lot35;Core.zip
Core/View/BaseView.php,1136c5afeadfb89c84ba178bcd45564cbae4cc5c99bc04e026362a975341f683,lot35;Core.zip
Core/View/ViewDataNormalizer.php,cf1fb2d08ff041f0549beb912d6e566069de0d511d1298e4767289383ada31ad,lot35
Modules/Abonnements/Controllers/AbonnementController.php,1a660966011fef58a08d3cc93c276953ae861ccd10ab6298255ad0b5ca2bb7da,lot35
Modules/Abonnements/Models/AbonnementModel.php,1baec4a9db12491d4d1e756feb9261eb6d34ffb748b2aa40e3906bde8c0ce14e,lot35
Modules/Abonnements/Services/AbonnementService.php,703cc605d281940964199b9afc1f3763af16d958bfa1cca3384d12b202e63de1,lot35
Modules/Abonnements/Views/abonnement_form.php,983f2e2baf64ba06a19aa024340b73318ba5217fe35996f5715bd9fd321272fa,lot35
Modules/Abonnements/Views/autotest.php,1a9bd3b8eb5acb8aadf5fb390d4894b70b29e6bffc7ec32b8d3c31ab4b45d95b,lot35
Modules/Abonnements/Views/espace_form.php,e87e5cac386f532fcde97b2cd6cda1ff8c750497a6a33a5b73607479d4e730f0,lot35
Modules/Abonnements/Views/espaces.php,9d025284c5b48d91892da8932526476bce840a100ef78bf94c9282b924660163,lot35
Modules/Abonnements/Views/formule_form.php,372545b4c540dc12fc1663f0e94fb9a051bd6afb3b955135a0591e9f3ab9f64c,lot35
Modules/Abonnements/Views/formules.php,6c5a9378d60bfe38306ac342d19f5e9bec543f512e6752956298429c3688eaf5,lot35
Modules/Abonnements/Views/index.php,cdfbdaa7978257b46b7bad36b6e4b2e0c71292c36904161a6c4769731824b88e,lot35
Modules/Abonnements/Views/module_societe_form.php,5e7e4063fd6c048cb333a76f7c824024d0cfdaf524aa376c23b65f3db9aa5277,lot35
Modules/Abonnements/Views/modules_societes.php,50fc1ca7a5bd1460e7a2be6d364a70e0588d5549d5732a3fc0b18ad91faf2556,lot35
Modules/Administration/Controllers/RolesController.php,fc0161df2302e4f868104236bd37f0f32947806175e90babbb02294b380cec56,lot35;Modules.zip
Modules/Administration/Controllers/SecurityController.php,be559f756dc6ee39a286442a60a361c934d25155780e468582039bb7bfb534c8,lot35;Modules.zip
Modules/Administration/Controllers/SecurityReportController.php,22189c5e6c1784411480b448a6970991ee7fce23681fa75f75994dc1568b5318,lot35;Modules.zip
Modules/Administration/Models/SecurityMonitoringModel.php,7f7131608debfbf7448bbd4764c653167f3202171000d6a645a7fb74a3ac0d7a,lot35;Modules.zip
Modules/Administration/Views/autotest.php,1a9bd3b8eb5acb8aadf5fb390d4894b70b29e6bffc7ec32b8d3c31ab4b45d95b,lot35
Modules/Administration/Views/roles.php,9b8916d70ba386af516482993ed2a004592d93a96459846d2a455cd774c512b5,lot35;Modules.zip
Modules/Administration/Views/security.php,6e203c4c2e4fa757969356ad50814672fb03f2ab4fbb50ea69fd810dfcf9632c,lot35;Modules.zip
Modules/Ajax/Controllers/AdminAjaxController.php,6bc583b23c0dce5ee58a291122ac6fa70b5e915fec46b91b316d575c247e8a35,lot35;Modules.zip
Modules/Ajax/Controllers/AjaxController.php,05812385280b4af736eb135c254d379f8321ae95479e523d63e79a1805bdcfa1,lot35;Modules.zip
Modules/Ajax/Controllers/CompaniesAjaxController.php,dfe791ca468a6403819b8b5de9dcd5f00be2d233dc95eecb179873ab4e9858f2,lot35;Modules.zip
Modules/Ajax/Controllers/ContextController.php,41cf10b200086bdeb46df2615f36285e7932d0639da246c7daa42fc2d1563da9,lot35;Modules.zip
Modules/Ajax/Controllers/DashboardAjaxController.php,6d8c6c18212b5a344286788782783cf10e165eb6540246701aa1e2bb3aae0a99,lot35;Modules.zip
Modules/Ajax/Controllers/FunctionsAjaxController.php,a4165e97fa0e3c0c13356df1a05fd91f4cc169af6b20ec3917ad8676e51fcb74,lot35;Modules.zip
Modules/Ajax/Controllers/JobsAjaxController.php,64acb57c89d46b2027d79388ab780d0c0e97b081e6a264205222b80a69957361,lot35;Modules.zip
Modules/Ajax/Controllers/NotificationsAjaxController.php,71dc1570ce82ad61385cb4f8556d8c70b604919d4d0701edd277e9abd56425c6,lot35;Modules.zip
Modules/Ajax/Controllers/QualificationsAjaxController.php,1fc11cc95477ea73e8273bd51f010ac53b69305307c8118c282f3e2e22442336,lot35;Modules.zip
Modules/Ajax/Controllers/RolesAjaxController.php,24214119693269a613e370a8e753050427dd29229fdc98c82f1eb0556a923c3e,lot35;Modules.zip
Modules/Ajax/Controllers/SearchController.php,cc1b070eda2f1b6400aeeb43aa03045df6c38068294d145238bb0f6765022ab1,lot35;Modules.zip
Modules/Ajax/Controllers/SkillsAjaxController.php,f38af831caafa25127e4c1e8893d9429eabeef097f8c37c1cbb2c8747a3e9c9c,lot35;Modules.zip
Modules/Ajax/Controllers/TermsAjaxController.php,6889d82b94f0018af8e6dab596ed19c86d2aa2f2f8999e67ca948bc5d0efd214,lot35;Modules.zip
Modules/Ajax/Controllers/UsersAjaxController.php,e88a05ecb60a214b46257f0429f5d3d0d183ddbf6d8f52932066e19c77652fe0,lot35;Modules.zip
Modules/Ajax/Models/ContextModel.php,5b80fa482810927c808764d749f31530bd397c11732893e7e64b89b8a1ec47d8,lot35;Modules.zip
Modules/Ajax/Services/AjaxResponseService.php,20cf231ed27d83ef7c5597e68e29436618c20a73166e7c7cca332e2144cc13ae,lot35;Modules.zip
Modules/Ajax/Services/GlobalSearchService.php,03f4bcf45a63cf2589579e2456a60ecf16ce35201e905fe43d637b0d38114375,lot35;Modules.zip
Modules/Ajax/Views/autotest.php,1a9bd3b8eb5acb8aadf5fb390d4894b70b29e6bffc7ec32b8d3c31ab4b45d95b,lot35
Modules/Auth/Controllers/EmailController.php,55e39385034997aa62f945b95d5ee0b26c11b9b09a4dc5fb295cbc8c4e328d83,lot35
Modules/Auth/Controllers/LoginController.php,ac47d60314fe5ea12cf232a8a263880c0ab646470334395d6cc1b7241089a89a,lot35
Modules/Auth/Controllers/LogoutController.php,f2b06364aa2d34fbfb3f21fa8900e13e2e3ed2ef8327298881950209ea97eb75,lot35
Modules/Auth/Controllers/PasswordController.php,d29bb41f80a88b867c959adf9888c811ffa4ba860f9f560de2976cc60939373d,lot35
Modules/Auth/Controllers/TermsController.php,f2794ec54ee58db76a6760f05427a2760ee7adcb302bcc7d28c045651fd9f0d0,lot35
Modules/Auth/Models/AuthModel.php,eed8637e6aa697dbe46b769442e3c044ad15f60e52ad1e42fab3bddb9e6d9e57,lot35
Modules/Auth/Services/AuthService.php,166626be3d5df350449caaa31eb1372abd87c4206af41f6612e8b636a24f8c89,lot35
Modules/Auth/Views/autotest.php,1a9bd3b8eb5acb8aadf5fb390d4894b70b29e6bffc7ec32b8d3c31ab4b45d95b,lot35
Modules/Auth/Views/forgot_password.php,c7cf9f1e57247e6171ee3fed274694ebe666a43468faa9b0423a65b24cc7a7a8,lot35
Modules/Auth/Views/login.php,fba4da25a440067c55271376b9235cb167c07f7bc59126bdc9a831f0df7405a6,lot35
Modules/Auth/Views/message.php,7907e0a175ae16248b7672bc2dd8cc8bfe4999446190d813f08ec9095c4ee826,lot35
Modules/Auth/Views/reset_password.php,e0f62817e7f3d4df5e17b7c1cd7c7f1b25516b02e989ec60740c7bac3a8316a8,lot35
Modules/AutoTests/Controllers/AutoTestController.php,3729642f9cfbbf6f1a56997bc9ca1fa12b19c286f63229163831bfeca2ddce28,lot35
Modules/AutoTests/Services/AutoTestService.php,8b0312c3a6620930c18f3f92f49b29e9e76595f87cce5bd4157336992203f9ba,lot35
Modules/AutoTests/Views/autotest.php,1a9bd3b8eb5acb8aadf5fb390d4894b70b29e6bffc7ec32b8d3c31ab4b45d95b,lot35
Modules/AutoTests/Views/debogage.php,ec62525de183dc8c8c8d48cd3bf4f3137b88bc01d7bfb6dbef0b23deae142c79,lot35
Modules/AutoTests/Views/index.php,71505259bd98263e2151c2498359efeb9fc34f7e5c1ca30a26d1de228e1d4485,lot35
Modules/AutoTests/Views/module.php,5dee598168c19fb9b6a42a9f6cbdda4d190f7c752720908fd097dcf4ace973f6,lot35
Modules/Brands/Controllers/BrandController.php,6dac4a78d34ad5f65e824aa2a7f59f0f267ccba41d94ed6f2770e3a105e7f389,lot35;Modules.zip
Modules/Brands/Models/BrandModel.php,87078a39a97b614ba3370eb38629fba7c4149ee4b8008bf86c49d118a067b2ba,lot35;Modules.zip
Modules/Brands/Services/BrandService.php,97f0fdb4194be875896255dd72ce3e30b1461b9ae0615c4080c6d526342167b3,lot35;Modules.zip
Modules/Brands/Views/autotest.php,1a9bd3b8eb5acb8aadf5fb390d4894b70b29e6bffc7ec32b8d3c31ab4b45d95b,lot35
Modules/Brands/Views/brands/form.php,8ba57f02a53c4528425c3d284547ff085f96fa6c15eba8481f16fc240a9a530c,lot35;Modules.zip
Modules/Brands/Views/brands/index.php,84678beae446ad4e887fab2d05b20e5a5fbdc3b5769600e55df94356d96ccbc8,lot35;Modules.zip
Modules/BulkMail/Controllers/BulkMailController.php,d9251ace670ffe007ed774e4917209414499f4638515fd6042a99a3254c2de14,lot35;Modules.zip
Modules/BulkMail/Services/BulkMailService.php,630e07d6f7b543444414a239a3e6b8b359f37e9d81f4db60313570c7dd33943d,lot35;Modules.zip
Modules/BulkMail/Views/autotest.php,1a9bd3b8eb5acb8aadf5fb390d4894b70b29e6bffc7ec32b8d3c31ab4b45d95b,lot35
Modules/BulkMail/Views/bulkmail_index.php,b8f9713fe96d763c3122fc66d865719232bab146bbba16b51d75da2c4dfd5d99,Modules.zip;ajoute
Modules/BulkMail/Views/create.php,47aa5c5bc24353c1889ea2e9a7000764a04c5e7432d7797a8583ac751a85c3e7,lot35;Modules.zip
Modules/BulkMail/Views/index.php,57aaf923c5a676f924c564ac81fa52448dede7ebdeda9d7d52fef14f48923778,lot35
Modules/BulkMail/Views/show.php,7897a3566307bd476cca8b01a9439dbfe743e442d615bd3ac01c577ac085546c,lot35;Modules.zip
Modules/BulkMail/Views/unsubscribed.php,6036287e04ab53c9e008733cbb11cf4c4cb030d5c73bdb8fd70cf5a26cb59820,lot35
Modules/Companies/Controllers/CompanyController.php,ce161e91fdc0061e3295d17a4a93cdb5ad7fd75ca3443d84c5f040b92460f7a9,lot35;Modules.zip
Modules/Companies/Models/CompanyModel.php,f47cc6416bcecd671f4ae6b15e7a77aea482f30ff5d8a2b895d0cdc92bcd9f94,lot35;Modules.zip
Modules/Companies/Models/CompanyRelationModel.php,aab79c5b86052a2aafe595e89ae7285a1c17bd2b918988601e4c572b833e4aa4,lot35;Modules.zip
Modules/Companies/Models/CompanyTypeModel.php,66cedec0324066c3afa56117cc2fcdac10eef907014867e625ae188e7afc979b,lot35;Modules.zip
Modules/Companies/Services/CompanyService.php,95691d448124f41b9da7074eaabf5271223e84dd8cb5f2e6b1a836ab09f0f7fe,lot35;Modules.zip
Modules/Companies/Views/autotest.php,1a9bd3b8eb5acb8aadf5fb390d4894b70b29e6bffc7ec32b8d3c31ab4b45d95b,lot35
Modules/Companies/Views/companies/form.php,0fe1e25b8acec4e630df78d6c9b8de64db9dfa5feb29707ed3751bd7bafad355,lot35;Modules.zip
Modules/Companies/Views/companies/index.php,27fe2947c94911f7c65e57ab7ff5058846f6263be42593e78ee9632cd96632ef,lot35;Modules.zip
Modules/Companies/Views/companies/show.php,b16d95043a971427486cc8ae4fef3d363366f1ff31ac4c5d36ef85f9dcd249e3,lot35;Modules.zip
Modules/Connectors/Controllers/ConnectorController.php,45644565fec9ab06b021ddc986f354a6cab46a984e310ff6549c59d56e34d7be,lot35
Modules/Connectors/Models/ConnectorModel.php,b477fe60e45114dc42ef32fbc3155db3a2022478116969c29fe30e3f02015f01,lot35
Modules/Connectors/Services/ConnectorService.php,e13bd5c6dc8ded174442b90729978eb01f396465fc96dc9c09b5d59622dad805,lot35
Modules/Connectors/Views/api_keys.php,0fa0e347b18d07977017bdc21ec9c3ff170eaa6586636ba9013910449cda4b3b,lot35
Modules/Connectors/Views/autotest.php,1a9bd3b8eb5acb8aadf5fb390d4894b70b29e6bffc7ec32b8d3c31ab4b45d95b,lot35
Modules/Connectors/Views/events.php,a327bac4ec6584efff3a6434ff2a9fda5b048d817b13a7f2f185d63dae130b68,lot35
Modules/Connectors/Views/form.php,c4445bd2f0e58689d3e0503ae119d394998d081bd55e75a43e831c0361907737,lot35
Modules/Connectors/Views/index.php,e890403fb6967b2874bf28f1748aeb72cd3fb0fa7d6ca086b5b1530b6bf42b74,lot35
Modules/Connectors/Views/webhooks.php,7e367ac4654995ede4998fbb832641f9b333100832a894debf3897b1afccbcc0,lot35
Modules/Contacts/Controllers/ContactSocieteController.php,54524beef543ed3402d2a836c36bec864f8a9e24b44037683660ed7fe3773ea3,lot35
Modules/Contacts/Models/ContactSocieteModel.php,8af238865b6d7d753c2132d4479ff580392ed0f5767482eed8b69e46f83f759b,lot35
Modules/Contacts/Services/ContactSocieteService.php,66ff8b0b18472cee33374a85f419de9473339fde2354bdf261d734d4e18c7515,lot35
Modules/Contacts/Views/autotest.php,1a9bd3b8eb5acb8aadf5fb390d4894b70b29e6bffc7ec32b8d3c31ab4b45d95b,lot35
Modules/Contacts/Views/form.php,c43c448ee95b3c363452bd0a0f8101aafb90a938849fe06f29af2c253f76d054,lot35
Modules/Contacts/Views/index.php,03fa764eebe13505762e3bf23e8e1b206af3a9d921e079385ec84cc3fcad9dd3,lot35
Modules/Contacts/Views/type_form.php,19a6e46c2e497441b0004c8080ea20e9031ed97c7a8ddae9b58b1074938d1906,lot35
Modules/Contacts/Views/types.php,b8402397673f481d21156ec01eb7199728c6b8cc54da18324099c55a8190eb56,lot35
Modules/Dashboard/Controllers/DashboardController.php,2e128346089e301ca9da8d5ce86ae758cbbe3b01e3fb8865d0d03ca0dbc72830,lot35;Modules.zip
Modules/Dashboard/Models/DashboardStatsModel.php,755d023e47c6108f17ddec884044690fce0c2c8e6b248a1bbaa05c6a270b080b,lot35
Modules/Dashboard/Models/DashboardWidgetModel.php,dc208b9e57d13bbf818f08075f4ca7af1b9bcb0079cd2e72f3bbc320acd2e04b,lot35;Modules.zip
Modules/Dashboard/Services/DashboardService.php,01cb98c571b5871c99d1f1bf5142b51fffb92b89bb01fbce69db22291c67e231,lot35;Modules.zip
Modules/Dashboard/Views/autotest.php,1a9bd3b8eb5acb8aadf5fb390d4894b70b29e6bffc7ec32b8d3c31ab4b45d95b,lot35
Modules/Dashboard/Views/dashboard.php,090336f37f0f82b7ab95f533a11161b743ecd4c26f9ffb9ab72ed73920a295f8,lot35;Modules.zip
Modules/Dashboard/Views/widgets/brands_count.php,0ddd2894a5f064dec597f6d2eef080b63d780baca134165729ed774085fb2454,lot35;Modules.zip
Modules/Dashboard/Views/widgets/companies_count.php,c1f0bd6b731e24e8f684239a1ed746b87047531559b60e355e657b6a82e9a362,lot35;Modules.zip
Modules/Dashboard/Views/widgets/security_alerts.php,fad828ba615718dcc1579f32ae8dea3decb441c2ef46d5e5b85e260d49b1babb,lot35;Modules.zip
Modules/Dashboard/Views/widgets/users_count.php,489d0cf63c2ce9a1b07e2e7a2f529c6628d614d0389d1d962cca99ade5cb5ccc,lot35;Modules.zip
Modules/Dashboard/Views/widgets/widget_concessionnaire.php,d3c3024d6d1aea4deb2d024900c01435bf9e150ff88691c06ebd19afb384dab8,lot35;Modules.zip
Modules/Dashboard/Views/widgets/widget_constructeur.php,30178e132cafd59b20efc7d6516ef13ef72c44273aaeb7178b7b503477d169b9,lot35;Modules.zip
Modules/Dashboard/Views/widgets/widget_manager.php,555005e79d177e38fbbd3a6f9dad80846891da2365c52220332102600848a55b,lot35;Modules.zip
Modules/Dashboard/Views/widgets/widget_notifications.php,35a815b5540c03b8dc08dad9e74676db970a33f0f43ee793744e5d0498d64813,lot35;Modules.zip
Modules/Dashboard/Views/widgets/widget_profil.php,6e2f738c602d57276f9521c6ef3f9ef2debda90a8279a1c8b90bdc160cfd9a08,lot35;Modules.zip
Modules/Dashboard/Views/widgets/widget_securite.php,6960334f79d6d56d234f97fac4348e019e580348a32a3b30d43f955be5c09e21,lot35;Modules.zip
Modules/Dashboard/Views/widgets/widget_superadmin.php,3e1a445d5a8bcb19eec6873d5d44613b1cd753ad3b68b0c9fd52e8cbb72ceab7,lot35;Modules.zip
Modules/Dashboard/Views/widgets/widget_user.php,e0a289e0c3b9bade2f951cf407bb8d1fd6a8a08ad4906669b5f69411e56bc30c,lot35;Modules.zip
Modules/Dashboard/Views/widgets/widget_user_company_levels.php,9d0f384cd4dfc5541bcf81cbba22b9d85519970b2e9f06cd37567693e62f432e,lot35
Modules/Emails/Controllers/EmailsController.php,18be137bd34f4e44a356e7657f9c362ee275d761e7ebcc5e774e882dda784f0a,lot35
Modules/Emails/Models/EmailModel.php,9ac29c47551d57d8a18010499bb24b3af3e3eb2c08ac7d38b11f2eff3d70cc37,lot35
Modules/Emails/Services/EmailService.php,cbed2d0f9d8bff6599270ac3ef9332877c8a84c789b251c85c24dd1143d91c10,lot35
Modules/Emails/Views/autotest.php,1a9bd3b8eb5acb8aadf5fb390d4894b70b29e6bffc7ec32b8d3c31ab4b45d95b,lot35
Modules/Emails/Views/index.php,a541d971ee1a35cd5f87f1c1db573316e958d3b0dede13dbac558956de70b42c,lot35
Modules/Emails/Views/logs.php,c9ef73d52397c2dd118f8abfd3ce32dd746c8e98047dfed76a0939701b6ea5dd,lot35
Modules/Emails/Views/template_form.php,45b60004586ee1a37b2b94270e12de6502f9c50e53687b1c95e7307d746f3697,lot35
Modules/Emails/Views/templates.php,be8900c2b008f13413446ca444f99f9c727a798b293eee1fb0f38a211544e44a,lot35
Modules/EventTriggers/Controllers/EventTriggerController.php,994eb370837821140b1aae20392437fb230f61d9dff2d08d1e9fc2168fb3c2bf,lot35
Modules/EventTriggers/Views/autotest.php,1a9bd3b8eb5acb8aadf5fb390d4894b70b29e6bffc7ec32b8d3c31ab4b45d95b,lot35
Modules/EventTriggers/Views/index.php,0b560249be8e4655d26182d7c7ff96beb33a72ae7db3d91b71dafade67eede4e,lot35
Modules/Files/Controllers/FileController.php,705c46c70eaf7913a12a92f5c6232fbabb130847e966ee7517fffa5c23c6cf31,lot35
Modules/Files/Models/FileModel.php,51f4a5475125113639e28f770f8a0e94e0cf3c4eefc7a7c160aa58d7892782d7,lot35
Modules/Files/Services/FileService.php,f87ac5b77a8558e5c7d50dd57946b687b9ee8d63ecd5e641a9585b0a3b1ffdc8,lot35
Modules/Files/Views/autotest.php,1a9bd3b8eb5acb8aadf5fb390d4894b70b29e6bffc7ec32b8d3c31ab4b45d95b,lot35
Modules/Files/Views/index.php,13151ccee1161741e10ddc12cd6998966018ffc2d53977e40e2e5fe4434ab360,lot35
Modules/Files/Views/show.php,a3879066398481e51a95b269bfa91daf6edd74ffb62a1bdde34c1ac9fd1d3140,lot35
Modules/Files/Views/upload.php,154dcf3c3c188dbf844e1c32d5be60c23747a94755c265fb0ab7b951a81ea81f,lot35
Modules/Functions/Controllers/FunctionController.php,bae0f5014a72721816691ff4f33388cbf23c99412423363534214f4592d8b896,lot35;Modules.zip
Modules/Functions/Models/FunctionModel.php,b700eab1edb78243cae30e9f4b8cc010af0546ea9602fce12ca8ed555aa93882,lot35;Modules.zip
Modules/Functions/Models/UserFunctionModel.php,09b21e80cfe73e38026ae3a9727cb610d6e48d0b76066f074895a1f77c2ee5c7,lot35;Modules.zip
Modules/Functions/Services/FunctionService.php,d284f0d34064672d79f8881b9456e2b3f747a84fd1a625c40126383c71fe5910,lot35;Modules.zip
Modules/Functions/Views/autotest.php,1a9bd3b8eb5acb8aadf5fb390d4894b70b29e6bffc7ec32b8d3c31ab4b45d95b,lot35
Modules/Functions/Views/form.php,e3bf5885c2c99276df3f1a65be9d8e904fd1c16fb0ca0690142bbb538544b6a2,lot35;Modules.zip
Modules/Functions/Views/index.php,578aa60a0c830ebc0bc3cdfddf47639937ff32aa4f409a3370508de424a3ec13,lot35;Modules.zip
Modules/GDPR/Controllers/GdprController.php,f5100a06a983064f2d1d6df675dec7cb86f05ed7903c04721deb4bf6c85cbad5,lot35;Modules.zip
Modules/GDPR/Models/GdprActionModel.php,d981739a2c894ddd59071ece990badb2f0d6f9e4fc2e0a4bdb3c31dd3844f4be,lot35;Modules.zip
Modules/GDPR/Models/GdprExportModel.php,6a947444bf705562c428220f283895117445baf6bf425ac5b128d991ade2424e,lot35;Modules.zip
Modules/GDPR/Models/GdprRequestModel.php,31fac910342a3693f1954f795770ad33999cf0aeb10eb4232b6f0d1279b3e7cb,lot35;Modules.zip
Modules/GDPR/Services/GdprService.php,21322b2599cd726cd5ca7459aa40c5f234d238cf2da9b4dfbe5d52bc33699c06,lot35;Modules.zip
Modules/GDPR/Views/autotest.php,1a9bd3b8eb5acb8aadf5fb390d4894b70b29e6bffc7ec32b8d3c31ab4b45d95b,lot35
Modules/GDPR/Views/index.php,c1b3e3442b03c0342b43979c9cfd378e49d459c70f9251ae8a0337c2b8da3e9a,lot35;Modules.zip
Modules/GDPR/Views/show.php,815dd20864c64f5c2a37180e08588083fe37e31ef899dfdb6d16577bed928d32,lot35;Modules.zip
Modules/Horaires/Controllers/HorairesController.php,2b574313a78920c9bd462b132f1b0f77bd34baed25d916dfbc2a230eca56093f,lot35
Modules/Horaires/Models/HorairesModel.php,79ad267fe4f5fa7fd963134c3a061680b49cc19287eec4d47dc545a9ab0c4756,lot35
Modules/Horaires/Services/HorairesService.php,3f40854e2020925de197fa77c0c501fc041a7e0413f206f14bebd5d9d03d7dc0,lot35
Modules/Horaires/Views/_filters.php,7cb6cd1ab518605faec86b20d5be0ff0479df0d5dc0e9e84d33e9de780aca800,lot35
Modules/Horaires/Views/autotest.php,1a9bd3b8eb5acb8aadf5fb390d4894b70b29e6bffc7ec32b8d3c31ab4b45d95b,lot35
Modules/Horaires/Views/calendrier.php,b9b11ad81fa83ef1087a202e6ac74eba16c4a953436260e639d755421cbb4a7c,lot35
Modules/Horaires/Views/exceptions.php,f5d9aadc24dcecfd1c8ca1dfae7d0bfd3c4d4d717f2064f0efa0b5d38040409a,lot35
Modules/Horaires/Views/form_exception.php,7ce35c4adab8aafa8e523c272f315bca81b98d5146e6cb0d00634b292425bc05,lot35
Modules/Horaires/Views/form_horaire.php,4250feb445e62e83cd9001317e0c1bad9666e0d88b030b53e970cd64288782b7,lot35
Modules/Horaires/Views/index.php,9ccecd92f098d364f7ac263fa67710732d1feda087f3261acdb883b0f7e8b649,lot35
Modules/Invitations/Controllers/InvitationController.php,0200aa6177707cc66330d1ffc1b2b5cf5f96b3a9f0ac6d6a33b2a208ee8de3f9,lot35
Modules/Invitations/Models/InvitationModel.php,1c24c58ebf90a4f6369ff5ff629ad83c06e73d6ea7407b3125641894f4b3d35a,lot35
Modules/Invitations/Services/InvitationService.php,4cf909a43f1c7ed20795a84fa673817b4ca2ceacb9d3b64318726729d37a9be9,lot35
Modules/Invitations/Views/accept.php,8506a5ab0d4501636597d466b51467a331298f1d3484228b4de6267f333525d8,lot35
Modules/Invitations/Views/autotest.php,1a9bd3b8eb5acb8aadf5fb390d4894b70b29e6bffc7ec32b8d3c31ab4b45d95b,lot35
Modules/Invitations/Views/form.php,de93696ab7cbcc25ae1e2330cb5ff0ae9ff398990c0631bcb5ffe13f9bc38cd8,lot35
Modules/Invitations/Views/index.php,85ab06517f637a7e5a1253e44af40b4aac1163aca696fa66b60f7d2b6214f520,lot35
Modules/Invitations/Views/premier_admin.php,f9797f74cad2a49d4231ef2413c878329dbe5e398591366047ec375d56a0f522,lot35
Modules/Jobs/Controllers/JobController.php,c93337a1e2998ac2be1e5c957092387537ad985f6e7db9fcc8027ef108993034,lot35;Modules.zip
Modules/Jobs/Models/JobCompanyTypeModel.php,121e93c922f31bcbe6790fc3af16fee18ffbf478f4bbfb56ca9c27c58041c1c2,lot35;Modules.zip
Modules/Jobs/Models/JobModel.php,902083f13b4ef9b1af8c1be6e8a25067b1c9742e4278ee45cfb460fba123959f,lot35;Modules.zip
Modules/Jobs/Models/UserJobModel.php,fb85b6e9bddc3635e1ab6685dc8004a5e326db1eefa3fbf2191b4191c8c0a112,lot35;Modules.zip
Modules/Jobs/Services/JobService.php,ad8768cb2438eabeffcd01ddee5240f6af542c03f55dcaf5254fb6f44fa24c26,lot35;Modules.zip
Modules/Jobs/Views/autotest.php,1a9bd3b8eb5acb8aadf5fb390d4894b70b29e6bffc7ec32b8d3c31ab4b45d95b,lot35
Modules/Jobs/Views/form.php,6783a942577bf8b8531b21789b5b9abf3fda213325a07e54e777e597c627cb72,lot35;Modules.zip
Modules/Jobs/Views/index.php,78055373cee2893f58d52ca9eb2b4910c7741fb5db0624754d8dad8adf980d7c,lot35;Modules.zip
Modules/LegalDocuments/Controllers/LegalDocumentController.php,36b89e73a4554df5e8f0b713112bc9bc89c95603d25d1daf6b93094f7bab077b,lot35
Modules/LegalDocuments/Models/LegalDocumentModel.php,a1db9c8ae26a27a4d24c4524ae96264f1991bc45fd0d0c2458ecdd3e6947cb83,lot35
Modules/LegalDocuments/Services/LegalDocumentService.php,1a84b74e7ecca0f32a52123041bedc8f8acd62eea10ca46e4078e9bbe86e5a1f,lot35
Modules/LegalDocuments/Views/autotest.php,1a9bd3b8eb5acb8aadf5fb390d4894b70b29e6bffc7ec32b8d3c31ab4b45d95b,lot35
Modules/LegalDocuments/Views/form.php,6049924ca28340dcebe66f5d33402f45eae7e5e58fd4875c1d43685256a72198,lot35
Modules/LegalDocuments/Views/index.php,ce78ba9e09e56b9203879f60ac6ed49b91d771f9291bd8c1a3b54fe2c0a332fd,lot35
Modules/LegalDocuments/Views/show.php,27fcda0d7de7a07c014385de307dbc2888e403a1a4b8177aaa158651d37ef39c,lot35
Modules/Maintenance/Controllers/MaintenanceController.php,3350f4a8ca7208f57f19bc9208580ab3e74be6a37e5ec20096c99454856a8126,lot35;Modules.zip
Modules/Maintenance/Models/MaintenanceEventModel.php,7cea7c79e5885bb7fcb42be738eff1935497122b223df3c0818c6b352ca61af9,lot35;Modules.zip
Modules/Maintenance/Models/MaintenanceModel.php,c0277cb48447e759bbc8e97656fa2a7f9de20c61e7b4c5e0643e889ec7efac60,lot35;Modules.zip
Modules/Maintenance/Services/MaintenanceService.php,3ad813294c63e024ef83da1823303189e72586e4fa6da0dafcef3d9f0f03637e,lot35;Modules.zip
Modules/Maintenance/Views/admin.php,2b26a68a27cc1eec24d5d08a68fd561a7c424a55fefb3ed37c303c67a0f020b7,lot35;Modules.zip
Modules/Maintenance/Views/autotest.php,1a9bd3b8eb5acb8aadf5fb390d4894b70b29e6bffc7ec32b8d3c31ab4b45d95b,lot35
Modules/Maintenance/Views/maintenance.php,94f5bb74ce42bb51cb35d1572924bfcab2be557b2cae0c743bf06093ff611d78,lot35;Modules.zip
Modules/Menus/Controllers/MenuController.php,4dd7a7497689df4c5f229b5609a1c969c8a38ac15961f4dc1d10966552418c96,lot35
Modules/Menus/Models/MenuModel.php,e21cdf4eec58ea454a64ee2caf80c341455a85f9dd15b7487b1f8baa75015aea,lot35
Modules/Menus/Services/MenuService.php,eb21627c8faa3f2789d6d1b19678daebb1c9511917d4996997ffc13d732bf27d,lot35
Modules/Menus/Views/autotest.php,1a9bd3b8eb5acb8aadf5fb390d4894b70b29e6bffc7ec32b8d3c31ab4b45d95b,lot35
Modules/Menus/Views/elements.php,affb527195cbbed07b68db4161a5e56f6710b5485ed5907a5ab569e111f531ed,lot35
Modules/Menus/Views/form_element.php,846e153d2ce538415cf18a568238e03a5f277e84e927ced0d1ae1a6c50cf7323,lot35
Modules/Menus/Views/form_menu.php,042f2d09ec65e63e64b02bdc93b0378428e1dffc6f368f9adb3b97e7d96eb2ad,lot35
Modules/Menus/Views/index.php,215ce890e92ff7c005fb89d75911f6a4b2038da4746418e0b8e37d1d772f0c26,lot35
Modules/Menus/Views/menus.php,fff139daa2ecd7537bfed199df9a14e632e4b3bed8b6db4c2a478f438abcb616,lot35
Modules/Notes/Controllers/NotesController.php,de2463c9dc4201a81b1213dc3b66b8c122821ebce172e136ae3429e476affc22,lot35
Modules/Notes/Models/NotesModel.php,959159cf9e86da87d095fa8257df79f6c56f1e78c68cb84ff3a6b204da6c016d,lot35
Modules/Notes/Services/NotesService.php,595cd6babd30b421b951895014ac01c69a279bcf2dacb78407ce1902a69ab040,lot35
Modules/Notes/Views/assignments.php,e59f1e044988fca7784ff679390b9f55366d0e033f2194bfd821c7893a95754f,lot35
Modules/Notes/Views/autotest.php,1a9bd3b8eb5acb8aadf5fb390d4894b70b29e6bffc7ec32b8d3c31ab4b45d95b,lot35
Modules/Notes/Views/form_label.php,d556c1f82f6ae660ef7987ec75bd63fd9da5e9b6dd28ff48524aebb3efc19451,lot35
Modules/Notes/Views/form_note.php,6a09cf86b064974e29f2222dd70ded95dd8f14b84bf6315e9c0ce6e1c9e02bfd,lot35
Modules/Notes/Views/index.php,2843b542416d2c11c21cf1bfe29f054c6e7d03c94b83f9adeceeae3ec409d839,lot35
Modules/Notes/Views/labels.php,2a24bc85ee5c88ee0691755d1b1a04789707112048d0f53fe2f2bc5655d22329,lot35
Modules/Notes/Views/show_note.php,6ade122dc0740e500f8898ac271c0566ecbdf3be6c3c6066f132aec5cb6ae8b4,lot35
Modules/Notifications/Controllers/NotificationRuleController.php,9b631ba19a4592336ccd3d740b866c1ce289b3c73ae22463a2de5c3aa3bba8e0,lot35;Modules.zip
Modules/Notifications/Models/EventTriggerModel.php,0663683b7ed00e8afc8b9cd7fea59e6e5dde80f26c71e3fe99e1401403212246,lot35;Modules.zip
Modules/Notifications/Models/NotificationAuditModel.php,c05b8b6d586ad67e6fd38324aa67e327483eace7212a81e8eab2a278711f2fb6,lot35;Modules.zip
Modules/Notifications/Models/NotificationChannelModel.php,c086a28e941316568ae888c99d930f226904cd56b35c4a022d72ab990955bd7f,lot35
Modules/Notifications/Models/NotificationContactModel.php,e58ec7f2ea47d7162a807d18799d534255dc11dbb02847fa9d21b011a27a557b,lot35;Modules.zip
Modules/Notifications/Models/NotificationModel.php,b874b9bacef5d69b13505e435d7ffaa9fc27298228b99aee85c506b7fd30387c,lot35;Modules.zip
Modules/Notifications/Models/NotificationPreferenceModel.php,3fe8d056e658953a55d84a2ac7961a1fe977524a036d3ade69129cce2c0c9644,lot35
Modules/Notifications/Models/NotificationRuleModel.php,f42814c7f4f142d1814dff3ba043aca4214fa03de216eabe03867ee1437b5ea6,lot35;Modules.zip
Modules/Notifications/Models/NotificationTemplateModel.php,1907189a430b7cca3e06acb88b57f22a3c74223be9833fcc3ae6cc8c1bd6aaba,lot35
Modules/Notifications/Services/NotificationRuleService.php,e4eaee6f965fb959cea6b1f44e4a7ba103c964d0e514d99123b3e9dc23d22e7e,lot35;Modules.zip
Modules/Notifications/Views/autotest.php,1a9bd3b8eb5acb8aadf5fb390d4894b70b29e6bffc7ec32b8d3c31ab4b45d95b,lot35
Modules/Notifications/Views/index.php,7c4282279abb24d2ec2abfd1c6b5bb8f6b70d5cbe64d59ff2e95054b693a1f3b,lot35;Modules.zip
Modules/Organisation/Controllers/OrganisationController.php,b7f4268bc4514a10e43060bc345fddde0f7e78e11796a0d240339efd7ebb4f9d,lot35
Modules/Organisation/Models/OrganisationModel.php,011efceaf36a6f785d0f3b1a1c2de00a181a7f67fb93ce5ddb3f9e7a4f48b93a,lot35
Modules/Organisation/Services/OrganisationService.php,65ff1c0aa253f829689dba821488a856f9d925a6a35be60102ebdb351879cbce,lot35
Modules/Organisation/Views/autotest.php,1a9bd3b8eb5acb8aadf5fb390d4894b70b29e6bffc7ec32b8d3c31ab4b45d95b,lot35
Modules/Organisation/Views/form.php,39a3de10daa89d25ddbe7fb9de96f3816bc4267ee9f4ce3fa10d44975101ad7e,lot35
Modules/Organisation/Views/index.php,14c5be5b50aacc55db6f505dbd4b8d5a2e22c7c8d028a487bc29e33f87f4725a,lot35
Modules/Organisation/Views/liaisons.php,2572c7eae9935b239955f0cc111e1d901ed041730d64ae10cca6ee633570d03d,lot35
Modules/Organisation/Views/list.php,9d2f320b7fcadb214086dc636ec8c185c261b6ee4096b9bd723f9df70eccfe3b,lot35
Modules/Portail/Controllers/PortailController.php,3d1e440483297cbf074d7ddb3c586c88b486782fe6f22b5132d0c61e48fe54b7,lot35
Modules/Portail/Models/ContexteActifModel.php,6aebb4d6ef82896f4dfad43072416a97a6b6a202d3af449c9bb2201ee2ce3809,lot35
Modules/Portail/Services/ContexteActifService.php,ee7af62ec383be9cd943b410357c32fff71786181ba4ed6a40ad5585dcf2a2ad,lot35
Modules/Portail/Views/autotest.php,1a9bd3b8eb5acb8aadf5fb390d4894b70b29e6bffc7ec32b8d3c31ab4b45d95b,lot35
Modules/Portail/Views/contexte.php,6eb15315b32cc80e4c15c5f5075bcb838edf8020d8767cfaec1fa5f50dbd4812,lot35
Modules/Portail/Views/index.php,b3179b05774155f8c2a438d2d691a6a6c2934b5521e3537adc86444f5585dfb2,lot35
Modules/Profile/Controllers/ProfileController.php,81ada6eda51c15127232bec55824ed71a4e665cd0f509bc844441a7b0f2e66cf,lot35;Modules.zip
Modules/Profile/Models/GdprRequestModel.php,5b261611d632a6cd76f33a651b6d547038a052dc12de6d00fea3f15d92af6b79,lot35;Modules.zip
Modules/Profile/Services/ProfileService.php,8dd3d10a98008182485e9bd25a35c61f902a46286387daefc33e014207b30f06,lot35;Modules.zip
Modules/Profile/Views/autotest.php,1a9bd3b8eb5acb8aadf5fb390d4894b70b29e6bffc7ec32b8d3c31ab4b45d95b,lot35
Modules/Profile/Views/gdpr.php,b62d2330f08ecd955cd5ca0005c48a5fd4f66b6336ae8bdcccd2bc1199775523,lot35;Modules.zip
Modules/Profile/Views/show.php,2af9f742d3fbed9aa68c3defbcf6250f3918a4bd1a23c53039a9116bc5574142,lot35;Modules.zip
Modules/Profile/show.php,0b59ea686f90c5146e8f121b7e84e0f52ccdb7e26119370683ed070b36334711,lot35;Modules.zip
Modules/Qualifications/Controllers/QualificationController.php,1ff10d517305c81c92253106ab065da9ad8a921f778088009cd2ff17e9a58e1a,lot35;Modules.zip
Modules/Qualifications/Models/QualificationModel.php,702093805e81a32bdfe6b988bea781ddec285b923bead9dccbd6d8ee4f653bef,lot35;Modules.zip
Modules/Qualifications/Models/UserQualificationModel.php,6b3af0e600f88088bcabc3ae14bf63550fc71961aa56c7187e4d7fac38a2d29a,lot35;Modules.zip
Modules/Qualifications/Services/QualificationService.php,ad389fdff631ec60647c3af9d49f29ad2dad20b262af4384b47b4c7763e04632,lot35;Modules.zip
Modules/Qualifications/Views/autotest.php,1a9bd3b8eb5acb8aadf5fb390d4894b70b29e6bffc7ec32b8d3c31ab4b45d95b,lot35
Modules/Qualifications/Views/edit.php,d723c0ba6499ac4674e2e7c15c85a12e668af4404985519f2b18275a858334cc,lot35;Modules.zip
Modules/Qualifications/Views/index.php,6748811a1247822a99a68cefb6b2d5c6680bd9ccfd26ec7fe1e152106120fe5e,lot35;Modules.zip
Modules/Referentiels/Controllers/ReferentielController.php,b38463b44aae59b6e130fe5c14d892caa3c90537043b850d0fd988ac096db1fe,lot35
Modules/Referentiels/Models/ReferentielModel.php,50b8af82382758594eeef148c23d238c87963c03cd9f38c1b33a0e05259ec0c0,lot35
Modules/Referentiels/Services/ReferentielService.php,90e3998a0fa6874affd4fc673bbdca8d523a1dd26f80a79353cccf7e0c8feaa2,lot35
Modules/Referentiels/Views/autotest.php,1a9bd3b8eb5acb8aadf5fb390d4894b70b29e6bffc7ec32b8d3c31ab4b45d95b,lot35
Modules/Referentiels/Views/form.php,1fc838c4084c74f4a8850199065fa8cde763e67c1b00c900c20a35723b8127bc,lot35
Modules/Referentiels/Views/index.php,d8a287edd2dea7ca1c50ecf4f67db57209b5a2c09be5d6f0befca2d97855d018,lot35
Modules/Referentiels/Views/list.php,f070d6a15f9b509ca1f142df9300e027308d5050cd4002f023d46867e1f2e68b,lot35
Modules/Relations/Controllers/RelationSocieteController.php,7097e31a3abd5c559fc524e71bf63428eaedc995f08834372eb48808c4b3db74,lot35
Modules/Relations/Models/RelationSocieteModel.php,5ca8c7e3ecf8f7f442c7af9040a27a399246f33b4473bfd13dec36f0ab937aff,lot35
Modules/Relations/Services/RelationSocieteService.php,1e14dac8066f10bb9a045c8aa4053b3c2788ebad69f65260795043fc0705f294,lot35
Modules/Relations/Views/autotest.php,1a9bd3b8eb5acb8aadf5fb390d4894b70b29e6bffc7ec32b8d3c31ab4b45d95b,lot35
Modules/Relations/Views/form.php,61bdb6cd2bbc018d000853759ae75b0e857cfd05a4ac223a865cddb26682acab,lot35
Modules/Relations/Views/index.php,71defe580a633310955081a08a2d65f1c9a1d732c0aad1a5dae55336587ae098,lot35
Modules/Relations/Views/representation_form.php,b1da1bc88c62b53a29ecabb75299bb082ce33af185e5653d18b8317c21eadec3,lot35
Modules/Relations/Views/representations.php,db297e988c9a0845a826bd22e408cef7d23c9ffaec4693683233068469d20d1e,lot35
Modules/Relations/Views/type_form.php,b677fc6c83afadd9e5a589509647f5086cb8d980dece6b7f056914b1ca56de81,lot35
Modules/Relations/Views/types.php,0f01fe9e6ff6432b3e65c5228c2b8c3aabaa192113019d1f8b520f4795379007,lot35
Modules/Roles/Controllers/AccessPolicyController.php,df7da5e8a9ea677ce3066320a03a21ae6451b37609c72465f03ef97eea81575f,lot35
Modules/Roles/Controllers/PermissionController.php,7deb8c5c194540dd78b9465cf005dc99cc3c9d332acee0ed9597b9dc2f39f25f,lot35
Modules/Roles/Controllers/RoleController.php,ca1cb87eb23125ce61be41d14a163b1218a9915550bd1d14fe2447a9f3a3eaa9,lot35
Modules/Roles/Models/RolePermissionModel.php,3f54f4d209f838749e2ecb99321cc8c5f10ffb23560682f7fe07aa8ad653ce29,lot35
Modules/Roles/Services/RolePermissionService.php,8c86b9fe9fa00166f5ee7bd4fb26a93117860e949ba283fdd40601d6163dd182,lot35
Modules/Roles/Views/autotest.php,1a9bd3b8eb5acb8aadf5fb390d4894b70b29e6bffc7ec32b8d3c31ab4b45d95b,lot35
Modules/Roles/Views/form.php,a85c9f458778603b906dce59791cb1d56f854769f57a6c436ea11446788b63ff,lot35
Modules/Roles/Views/index.php,c743d385db35670ed7d0de730fae33f4860a03175852c541fa2129f0c2a070df,lot35
Modules/Roles/Views/permission_form.php,69e75b85f7a3400097f81c78fb225514cd21d136cd80c08aa545f0784868d594,lot35
Modules/Roles/Views/permissions.php,f55d68db523339a6a28d6dcfd44bc6f64d3e5e8ed4cd8a29857b8d876f940f94,lot35
Modules/Roles/Views/policies.php,1a0aa321d94fd0ac9b2e3a627d40e90f32f587877d78957f2c1093d2e57f28ec,lot35
Modules/Roles/Views/policy_show.php,39907ad142cc45d66f36d9939f985ddfe8a901372b4643bea4ebddc4e8263450,lot35
Modules/Roles/Views/show.php,3d16499f9b33c3fc404905c8072719797c1dba92ba7363d21af88b285c5209fd,lot35
Modules/Settings/Controllers/SettingsController.php,f5657517da1dce4f16be8e0d296d481ed58c5155217e14a6389aaf5995bb66d1,lot35
Modules/Settings/Models/ApplicationSettingModel.php,843c6b86e0b205e4cd9d611f76d51d3c3dce7d6410b48525583a19ad4805b65a,lot35
Modules/Settings/Services/SettingsService.php,66afa2055c184f398e7b0acd69260dea96b37f6590c55e8922616a3d789795ce,lot35
Modules/Settings/Views/autotest.php,1a9bd3b8eb5acb8aadf5fb390d4894b70b29e6bffc7ec32b8d3c31ab4b45d95b,lot35
Modules/Settings/Views/form.php,225a7a6704914e1a61652fa7fb9aaaa3f2eec9596e8da595983b8ec06e390ab3,lot35
Modules/Settings/Views/index.php,0d4e63cd6b0cb23ed2b814a8488c455ed11370d415d6fa754980737715e95be5,lot35
Modules/Settings/Views/system.php,aceec68eaf7d2b3c590efd8e7a610b87a07a2d36db1aab3a3a86b898cf9ce57c,lot35
Modules/Skills/Controllers/SkillController.php,5ae586df8663c555015cb01421dc4ba4ab128e6bacd38a6f102ea0357d955e58,lot35;Modules.zip
Modules/Skills/Models/SkillModel.php,7f3f09e4dce3ea14a57f46c36a1fc325b14a75ac25d77c3f8cf19e0034e13916,lot35;Modules.zip
Modules/Skills/Models/UserSkillModel.php,a3811d6c04a1605d606add6757de22cca7cd123eaf7b23e396786687b7365782,lot35;Modules.zip
Modules/Skills/Services/SkillService.php,12efd950e7115fa5599e4d97108dfc7e0628b2fe60fdc9f2ad34f62fb538afb7,lot35;Modules.zip
Modules/Skills/Views/autotest.php,1a9bd3b8eb5acb8aadf5fb390d4894b70b29e6bffc7ec32b8d3c31ab4b45d95b,lot35
Modules/Skills/Views/edit.php,ef013649f33a6829c6add3e91f2df66b3f49ecbd884069924386cf2ec4260bca,lot35;Modules.zip
Modules/Skills/Views/index.php,e32998991e63e05c404b124967a58c77c1feed70b2a0af10dea28543accf8c1c,lot35;Modules.zip
Modules/Society/Controllers/SocieteController.php,763cc33d74db7438b7ded2fc6b1d8fe57e2be44e9c53eefbbcbf16ab63c2aa70,lot35;Modules.zip
Modules/Society/Controllers/SocietyController.php,3bbfc983257bc26d4678af5036837f46c0b9157df2f0f08356cf707c92672b2e,lot35;Modules.zip
Modules/Society/Models/ModeleMarqueSociete.php,8d9bdee8409cbbef9ebb6949120c207459da9c7bd99db41568b96857dd09bf08,lot35;Modules.zip
Modules/Society/Models/ModeleRelationSociete.php,28c47b5dfa1368c2619f67e4365d701ce33f144daeefdd1fb08c1fd1d1cc3190,lot35;Modules.zip
Modules/Society/Models/ModeleSociete.php,eb206580906a7dcbc4f81daf7cde25d2c15bd23bbc3f69896474e2ad1b9bcfe4,lot35;Modules.zip
Modules/Society/Models/ModeleTypeSociete.php,8377d9a842cd97c763bcad93338626b992cb21865187543ccd99387be8bcabb1,lot35;Modules.zip
Modules/Society/ROUTES_A_AJOUTER.txt,3850e245ba4703efbd8da92352d7a6147f5e5239b292a224ce32f8fb4d1f1b92,lot35;Modules.zip
Modules/Society/Services/ServiceAccesSocietes.php,c4ce77fa9589767cafba739d4d89deffa34cdea669103350d614cab5433e7304,lot35;Modules.zip
Modules/Society/Services/ServiceSocietes.php,f45a6b8332924be0f09f644a4e4a3f073cbce3b5e03696f227c6895fd669da6e,lot35;Modules.zip
Modules/Society/Services/ServiceValidationSocietes.php,e68a981fbe6e1303925aefde94b26e94de0fef22cf1f0b38540b33328af52e56,lot35;Modules.zip
Modules/Society/Views/autotest.php,1a9bd3b8eb5acb8aadf5fb390d4894b70b29e6bffc7ec32b8d3c31ab4b45d95b,lot35
Modules/Society/Views/creation.php,975813f7a4c9b875fe485c2b91e9b738ce1f409656a03aa8cfdb87e5a31ff1cf,lot35;Modules.zip
Modules/Society/Views/fiche.php,dbbb85b17f9ae919785e4ef4a565c60a9510ec6355d15e8ecf873a27933ed8c8,lot35;Modules.zip
Modules/Society/Views/liste.php,981abdf3397cd2eb92f03a0a540ce2c0a2fc235d0127f0040c87a61ae12afe9c,lot35;Modules.zip
Modules/Society/Views/modification.php,975813f7a4c9b875fe485c2b91e9b738ce1f409656a03aa8cfdb87e5a31ff1cf,lot35;Modules.zip
Modules/Society/Views/partials/formulaire.php,f74d6a24a87d9e975039d21f24f6e6f5a346d2164791efd6fae1caaea1244a35,lot35;Modules.zip
Modules/Standards/Controllers/StandardController.php,45a51b189cc559ed1b5d6eab892d259a2a01e6796fe9a28117d37e1ca0269fef,lot35
Modules/Standards/Models/StandardModel.php,ce0ef1de46c395f68995e507d30683ea77da39300023171267752b6cb37d40a2,lot35
Modules/Standards/Services/StandardService.php,83cb9082a7835668427a94885eca3eb08a916bedd5cd21df86f536f8254ea23b,lot35
Modules/Standards/Views/autotest.php,1a9bd3b8eb5acb8aadf5fb390d4894b70b29e6bffc7ec32b8d3c31ab4b45d95b,lot35
Modules/Standards/Views/evaluation.php,7868c73cd3604d34d1074640a90b268ab3d006df4a524c31c8ca39d6e2522b24,lot35
Modules/Standards/Views/exigences.php,54aa59890e3ffdbb01540eb4124fe42e4f47fc8698b7a9d06d000dcc4b7fa323,lot35
Modules/Standards/Views/form.php,dca991795843016091a54abde5cfa75e246348d438e0f6989118cee62f63c900,lot35
Modules/Standards/Views/index.php,7536aec3d0fdbed58d54f92510885a5268bef14f8db689c9648ce99a2a034a65,lot35
Modules/Standards/Views/versions.php,093a39abd0d40a64c779bbe0058315cc880369d9a1212e1bec2163387c099fa9,lot35
Modules/SuperAdmin/Controllers/SuperAdminController.php,0cf896abeb6ceb3ba8950d1a819ac5efbdb3be275d3acbb18a879bd977219080,lot35
Modules/SuperAdmin/Models/SuperAdminModel.php,acc2e0c3f3d9bdd88927697412a48a7c5c112765e7e422bb9df968343f2170a8,lot35
Modules/SuperAdmin/Services/SuperAdminService.php,c2545d8f2e4c9737bd130287da7c0d63165f1b3200142c26a65b60cf14b775b2,lot35
Modules/SuperAdmin/Views/application.php,a637722dfb3aa58b5015a9a9550e456afb8f276be405b69709961931efe1f70e,lot35
Modules/SuperAdmin/Views/autotest.php,1a9bd3b8eb5acb8aadf5fb390d4894b70b29e6bffc7ec32b8d3c31ab4b45d95b,lot35
Modules/SuperAdmin/Views/index.php,ccc2aec2601f40ec5e0c96ead52a55f31de647b9cad998afd207ece816681e5f,lot35
Modules/Users/Controllers/UserController.php,73d989cde78299c4a6d22a719e1a8c85e441bbd09a3ca11df29245de798cc1fb,lot35
Modules/Users/Models/UserCompanyHistoryModel.php,f4ccdd53df86aa7755689a66ab01929a93c947a33078e175ec6e0363f64a8226,lot35
Modules/Users/Models/UserCompanyModel.php,8c1c5e1f38ba1e44f14826a99f118bfa5a0032d56ba6abc6ce993003dd0d1bea,lot35
Modules/Users/Models/UserHierarchyModel.php,d8049f1b7b19fa401778239f8b6ffda24f3a4c393e114d72c191751a593eabd2,lot35
Modules/Users/Models/UserModel.php,4695a23e30b053ed5bba99575f337587b3e222392a0774576e2ae62446ca6d23,lot35
Modules/Users/Models/UserRoleModel.php,7a30a2a611f7a44393f807406f3db60b7d128fa4d57b92f0821bf871606f935e,lot35
Modules/Users/Services/UserCompanyService.php,337cdb7f5d878a9ebc46b641412f612ae674da95c3570ab3cc2659b11610db8c,lot35
Modules/Users/Services/UserHierarchyService.php,7aaee1571da07f15e8046ac271f51f55b5a08dc6cddf853d297ea788141aaeaa,lot35
Modules/Users/Services/UserService.php,12f8ec90c5a17c0f86eaa498c2beadd3ce492b0b16d1f6cdd4c5cca805736919,lot35
Modules/Users/Views/_form.php,c8b87de21ae170ff51c39866d63b94465df3d89a5370419a97a8add6a27f4292,lot35
Modules/Users/Views/autotest.php,1a9bd3b8eb5acb8aadf5fb390d4894b70b29e6bffc7ec32b8d3c31ab4b45d95b,lot35
Modules/Users/Views/create.php,4690ca1ca43ac9114253bdfeec2bc196f7e652b76143dfa097580563bab00561,lot35
Modules/Users/Views/edit.php,dcb6db3836658ae724091f36b983cebe0dc166121308eeaf5c21f232f24b1bc7,lot35
Modules/Users/Views/index.php,281b36d1975fd6a26b84cf9ed64d4fccdc97ac50e30fc72f8db28ddea5e3f67d,lot35
Modules/Users/Views/show.php,dc78650d95c6abf720b78b094d9c554ff181565e506245506c14ffada8202cb2,lot35
Modules/Validation/Controllers/ValidationController.php,9a7bc5692681b8a88b99eaa233dea6d13caba53700c728e1d3822c034549c747,lot35
Modules/Validation/Models/ValidationModel.php,d70677f0c48534aff620845190100d6819876168ef635b0236c26896c0e6371b,lot35
Modules/Validation/Services/ValidationService.php,40a9713481221079730e1959c9d6d7c4dbab33b347c30b6ba06e91e0db3e60cb,lot35
Modules/Validation/Views/autotest.php,1a9bd3b8eb5acb8aadf5fb390d4894b70b29e6bffc7ec32b8d3c31ab4b45d95b,lot35
Modules/Validation/Views/form_demande.php,7b4aecb4c9a2909f62273217c314ee935caef8360c1f79ef0267b6b288233066,lot35
Modules/Validation/Views/form_rule.php,5fdf1a88d09e6060477e63ee35887839f1857bc9477755a7a6ec6bd6cc65f28a,lot35
Modules/Validation/Views/index.php,49fdcf13411624025e3fbe6182cba560af78ddee809e693805baf671e1a64bfd,lot35
Modules/Validation/Views/rules.php,c5621833952a0e64993c01e7cfb7dd6a58e767d03a5daa066d25f46b6182443d,lot35
Modules/Validation/Views/show_demande.php,abaa24e3cfe08f5be4c7baf9e5ce735bd33d57adf91aaca914e558cc96bc70b5,lot35
Modules/Verrous/Controllers/VerrousController.php,169d49b5e4337590d2642f920e54265fbb10088abdca509fc8fa36f8d910386f,lot35
Modules/Verrous/Models/VerrousModel.php,f6603a80f9447111bb2e3c8683b385ffed1ad26ffceb6afd66ec523c2649dd5b,lot35
Modules/Verrous/Services/VerrousService.php,26f79a34a64903f8e230a025164f39cf36a58f4a47d5ff3aa0c37a788effb354,lot35
Modules/Verrous/Views/_filters.php,752846d0b5518ce8a284e334d50bb01b1ee20f3366e2fa7b58ffdad249db17a1,lot35
Modules/Verrous/Views/autotest.php,1a9bd3b8eb5acb8aadf5fb390d4894b70b29e6bffc7ec32b8d3c31ab4b45d95b,lot35
Modules/Verrous/Views/contextes.php,01b9e21ffd99e661fab9c4d42d29ecc3bac1c8723ae1c56595b6f93d6503861a,lot35
Modules/Verrous/Views/create.php,41fb0433bbabb8e0834173ecd19ab995a27e5905f8a15be68f93cc0322db9390,lot35
Modules/Verrous/Views/index.php,92142a3b3b6f497e9b1a359da880861f1cff9fc68ef060f4527f1f7c624b0bf0,lot35
Modules/Verrous/Views/maintenance.php,43273269099e42e95794d592b51b14e4da46c0e71fc2367ff6d173f7067cd568,lot35
Modules/Verrous/Views/sessions.php,6a3e047c556815af58b39480f5b3f7ef9128e43eaedb0cc5b982960b1d14f943,lot35
NE-pas-OUBLIER.txt,e5572b041efdfadc627747d6a9db466c227bf982b35c4c12409d3e07a8f5fbd4,ajoute
PROJET.md,421e35c8ebc47c21f44be0490d286544b4fe9a413633232c7c7624e436328797,ajoute
bin/backup_database.php,4efdb8c8d2c58344b31db748925a14125cef7e121e42bef45c27e1daf4e0b211,lot35
bin/health_check.php,f3f3f7cc862ec7e43e1685fa2771485f8fe63c71fb274b1fec4a9b2a939f9dae,lot35
bin/production_preflight.php,204a47fc80fa4925b0f732fad08d867f5910510258b14c023a76d19928aa9475,lot35
bin/rotate_logs.php,5cfe9d82560d15bbe2c459c45c3471440ac067a6dbb5b84bb783b62c08031675,lot35
bin/run_maintenance.php,895f83e99915821ad9f9f840709559584b8fb1227ac16f2e55d78dedeb425daa,lot35
bootstrap.php,4fe45dc830f3bf7e096e3b335ac9e9d014100e49f392c59a3b416f3759ee1e05,lot35
composer.json,87b1c875b8e40925dd67de007811441a2fb199ef83010be332df5c2cbe1fabfc,lot35
config/ajax.php,3b8f054bf925e5a5874292b0781d0e3e34e08988828d7c5321258afa8557da99,lot35;config.zip
config/app.php,56d41b722f6639614b76630a31f24849c0a29e48cee82c482fa945ab5ffed2c9,lot35;config.zip
config/constants.php,9925ab130f6efca31a321f170d5153f03a9ec5228836de5ecaa28c113ed7c46d,lot35;config.zip
config/dashboard.php,02a352e745c80bf4ad870693dd59eba75e4b0a1f9b6e69c38683b8b1a8065b83,lot35;config.zip
config/database.php,7d80eeb4c73b7c13f1f7d655c56fb3b43e527bf954f8d0129a39d676a6df3c26,lot35;config.zip
config/environment.php,e156338a0397eaa90be2d6c655aee9ce8969c6e6325c842c1a1124dd0bef622c,lot35;config.zip
config/gdpr.php,f9e55f16d7a511951eb98e659328b25f14c77066146d57584f7d5a8a8add9dd9,lot35;config.zip
config/mail.php,dd3527e4e8fb990c27b0d3ed9f15b5b5ccc776925f1dad593473d2f60cca97dc,lot35;config.zip
config/maintenance.php,8de8676a70da69d119bce784057a7f018c2a3fa5b80f4d160211d4eab3594561,lot35;config.zip
config/modules.php,3359d764a66c908c4d6f182f43bdb6b0ed59ca82baed6c3ad0672fc6980abcc0,lot35;config.zip
config/pagination.php,3222d971ff789a0d527eb9261fd905cd3ce8cebb3f1ab40a662b0b504a38d7fa,lot35;config.zip
config/production.php,009ebe31653e6b82bbc3ee217e1a84234852a7c018a992142319e73d09135ac2,lot35
config/routes_l5_reference.php,e692dd690452f8f902ab6e1691aa45e5014a36bff76b56929df1e243df4e9e31,lot35;config.zip
config/security.php,6e16103dccb935d7a214582a5b432d26c19b7681a8c1e5f3bcf2501d82465b8c,lot35;config.zip
config/sessions.php,c70dce9300d90205780d046a06244f4934f13d66114a10f613fa0380361955b9,lot35;config.zip
config/terms.php,5f78e264699f3ca0f99ebfc2cb1020ac658e365cfcf07c79fc0752633a425121,lot35;config.zip
config/urls.php,c505d069175bb0ff47184b316e66590bbcf2a128bb3b9a7137fabb02525a0de5,lot35;config.zip
database/migrations/.gitkeep,e3b0c44298fc1c149afbf4c8996fb92427ae41e4649b934ca495991b7852b855,lot35
database/migrations/2026_06_01_lot31_index_performance.sql,319de442ed88626756236e58b940043214b2bd2ca36bc595c4be23e5a2b6670c,lot35
database/migrations/2026_06_01_lot32_index_qualite_robustesse.sql,b598f6ffbfd5db215052174b2ae6bcbd3c0ddb8926f5f99cddc875131ebfa3c3,lot35
database/migrations/2026_06_01_lot33_infrastructure_production.sql,12ee872dfb3e630a87c006625e6bae34de3ee387f5bc68b3d355b4936d2222de,lot35
database/u166513890_base.sql,6eec1a94b7fe515b2a90a8b7ef8f8b706829f80eb57c66baee1a21d9a8d4210a,ajoute
deploy/apache-vhost.example.conf,6efade558431f747fb45ccfe06fc564cece811c31f0e58a3b201f7cb2f9c970c,lot35
deploy/cron.example,bce4ec718b60303f8c5f782e02142333dc759190b8f3d92671e6f48e52e90c99,lot35
deploy/nginx-vhost.example.conf,80abdd924a51291936e30edb60247ae2cdfe25a520e8bacb85dbf11008fb52a2,lot35
docs/CORRECTIONS_PRODUCTION_REBASE_LOT35.md,5a413cdd502179c7d23e49db4b96d8248e39e9b9648c85a0fa524b4ac2ba1000,ajoute
docs/RAPPORT_COMPARAISON_LOT35.md,940cbabeccef3261f94da530bad172f7b473b1ed06bdd2f33d6f08187527b1e5,ajoute
docs/deploiement_production.md,bd057567b1c8221b7098837fbc6d22b667e3c99dfe400ab5ad3423dc830de28e,lot35
public/.htaccess,e40fc1862148c70c5f966aa77e63068bb5e82c949893dfc03a88d2d0f661580d,lot35;modifie-production
public/.user.ini,1c5d57c6d8cef7e3555066c246c3b7b469d127cc07c1d796877835cfd4ed48a2,ajoute
public/assets/css/autosav-phase3.css,0d5bf5a6cbc242f47495fe1dfc66172c3995d4134b4475912c2b44f56d2ac36b,lot35
public/health.php,e04dcf24b1c25eefc1bba9ca382690d4d8563694cc85f931b1b281f85350b763,lot35
public/index.php,1a20f47be21ec3adba19d9b12ad305d0ba6aa6bd7df43fa57f602f76b72051e3,lot35
scripts/check-production.php,d891b6c89740ea11c287e06347603accff296c3cfc2cbe15ba8e45380e5224dd,ajoute
storage/backups/.gitkeep,e3b0c44298fc1c149afbf4c8996fb92427ae41e4649b934ca495991b7852b855,lot35
storage/cache/.gitkeep,e3b0c44298fc1c149afbf4c8996fb92427ae41e4649b934ca495991b7852b855,lot35
storage/exports/.gitkeep,e3b0c44298fc1c149afbf4c8996fb92427ae41e4649b934ca495991b7852b855,lot35
storage/logs/.gitkeep,e3b0c44298fc1c149afbf4c8996fb92427ae41e4649b934ca495991b7852b855,lot35
storage/logs/error.log,f745e2e005f65ccc9d279579c4907971f7e60bd2e6a5645a49c3f3477c0a3e94,lot35
storage/sessions/.gitkeep,e3b0c44298fc1c149afbf4c8996fb92427ae41e4649b934ca495991b7852b855,lot35
storage/uploads/.gitkeep,e3b0c44298fc1c149afbf4c8996fb92427ae41e4649b934ca495991b7852b855,lot35
tests/Unit/AuthSecurityHelpersTest.php,350760386e850d7d9e18e3866e507dfd0e9529a591ec5546d08f9b361dadcd5b,lot35
tests/Unit/BaseViewNormalizerTest.php,9395346ecc02f3d03e38673ea6c5eaaa518db406e5710218e0bac0b4c4470b84,lot35
tests/Unit/CsrfRoutesTest.php,9685231e2b45eb7d227adca05d62f0fc4984485e7b383e377acefafbe1628611,lot35
tests/Unit/CsrfViewsTest.php,5e0bb7898ec1fdb29e893849962b0a431cd2cf6c14fa0bc6bca66db876f761e4,lot35
tests/Unit/EncryptionTest.php,6432cadbb543b5c464f6b2b565289d4e9fa2d6ff1279b46f85c884ba58c5ccbb,lot35
tests/Unit/MailConfigurationTest.php,03d308730460e0a81049f4cb5a2bc8d44a2e86e9d301c37194e011dc284b76dd,lot35
tests/Unit/ServiceContractTest.php,d96146e21a2ea7be9b2e09dc3cc60a583e00d7019ca2ac64ea66effd15a77136,lot35
tests/bootstrap.php,605aa9fdf46d6d863c052b6d6374118e367bb630cd624366d3df6ca5d917ae82,lot35
